alpha,beta,K,mu_c,mu_s,exp_coeff
9.729750244236333723e-01,5.587604949407191102e-01,3.191795862386335438e-07,2.880578526025373662e+02,5.371559115323932332e+01,1.663209104622824341e+00
